{"stats":{"minecraft:crafted":{"minecraft:wooden_hoe":1,"minecraft:crafting_table":1,"minecraft:oak_planks":8,"minecraft:stick":4},"minecraft:custom":{"minecraft:jump":15,"minecraft:time_since_rest":29477,"minecraft:sprint_one_cm":595,"minecraft:leave_game":6,"minecraft:play_time":29477,"minecraft:damage_taken":50,"minecraft:time_since_death":29477,"minecraft:walk_one_cm":6270,"minecraft:sneak_time":465,"minecraft:total_world_time":29477,"minecraft:interact_with_crafting_table":1,"minecraft:fall_one_cm":756,"minecraft:fly_one_cm":390587},"minecraft:mined":{"minecraft:oak_log":2},"minecraft:picked_up":{"minecraft:oak_log":2},"minecraft:used":{"minecraft:crafting_table":1}},"DataVersion":3465}