{
  "comforts:sleeping_bag_light_blue": {
    "criteria": {
      "has_the_recipe": "2024-06-19 03:22:14 +0000"
    },
    "done": true
  },
  "iceandfire:iceandfire/root": {
    "criteria": {
      "tick": "2024-06-19 03:22:14 +0000"
    },
    "done": true
  },
  "comforts:hammock_purple": {
    "criteria": {
      "has_the_recipe": "2024-06-19 03:22:14 +0000"
    },
    "done": true
  },
  "comforts:sleeping_bag_pink": {
    "criteria": {
      "has_the_recipe": "2024-06-19 03:22:14 +0000"
    },
    "done": true
  },
  "comforts:hammock_magenta": {
    "criteria": {
      "has_the_recipe": "2024-06-19 03:22:14 +0000"
    },
    "done": true
  },
  "simplysteel:recipe/steel_shovel": {
    "criteria": {
      "has_the_recipe": "2024-06-19 03:22:14 +0000"
    },
    "done": true
  },
  "comforts:hammock_red": {
    "criteria": {
      "has_the_recipe": "2024-06-19 03:22:14 +0000"
    },
    "done": true
  },
  "simplysteel:recipe/steel_axe": {
    "criteria": {
      "has_the_recipe": "2024-06-19 03:22:14 +0000"
    },
    "done": true
  },
  "simplysteel:recipe/steel_nugget_from_smelting": {
    "criteria": {
      "has_the_recipe": "2024-06-19 03:22:14 +0000"
    },
    "done": true
  },
  "comforts:sleeping_bag_white": {
    "criteria": {
      "has_the_recipe": "2024-06-19 03:22:14 +0000"
    },
    "done": true
  },
  "comforts:sleeping_bag_gray": {
    "criteria": {
      "has_the_recipe": "2024-06-19 03:22:14 +0000"
    },
    "done": true
  },
  "comforts:rope_and_nail": {
    "criteria": {
      "has_the_recipe": "2024-06-19 03:22:14 +0000"
    },
    "done": true
  },
  "simplysteel:recipe/steel_bars": {
    "criteria": {
      "has_the_recipe": "2024-06-19 03:22:14 +0000"
    },
    "done": true
  },
  "simplysteel:recipe/steel_shears": {
    "criteria": {
      "has_the_recipe": "2024-06-19 03:22:14 +0000"
    },
    "done": true
  },
  "simplysteel:recipe/steel_hoe": {
    "criteria": {
      "has_the_recipe": "2024-06-19 03:22:14 +0000"
    },
    "done": true
  },
  "comforts:sleeping_bag_cyan": {
    "criteria": {
      "has_the_recipe": "2024-06-19 03:22:14 +0000"
    },
    "done": true
  },
  "dungeons_arise:wda_root": {
    "criteria": {
      "WDA": "2024-06-19 03:22:14 +0000"
    },
    "done": true
  },
  "comforts:sleeping_bag_light_gray": {
    "criteria": {
      "has_the_recipe": "2024-06-19 03:22:14 +0000"
    },
    "done": true
  },
  "comforts:hammock_black": {
    "criteria": {
      "has_the_recipe": "2024-06-19 03:22:14 +0000"
    },
    "done": true
  },
  "simplysteel:recipe/steel_helmet": {
    "criteria": {
      "has_the_recipe": "2024-06-19 03:22:14 +0000"
    },
    "done": true
  },
  "simplysteel:recipe/steel_block": {
    "criteria": {
      "has_the_recipe": "2024-06-19 03:22:14 +0000"
    },
    "done": true
  },
  "create:root": {
    "criteria": {
      "0": "2024-06-19 03:22:14 +0000"
    },
    "done": true
  },
  "comforts:hammock_gray": {
    "criteria": {
      "has_the_recipe": "2024-06-19 03:22:14 +0000"
    },
    "done": true
  },
  "simplysteel:recipe/steel_boots": {
    "criteria": {
      "has_the_recipe": "2024-06-19 03:22:14 +0000"
    },
    "done": true
  },
  "comforts:hammock_cyan": {
    "criteria": {
      "has_the_recipe": "2024-06-19 03:22:14 +0000"
    },
    "done": true
  },
  "comforts:sleeping_bag_purple": {
    "criteria": {
      "has_the_recipe": "2024-06-19 03:22:14 +0000"
    },
    "done": true
  },
  "biomesoplenty:biomesoplenty/root": {
    "criteria": {
      "lavender_forest": "2024-06-19 03:22:15 +0000"
    },
    "done": true
  },
  "comforts:sleeping_bag_green": {
    "criteria": {
      "has_the_recipe": "2024-06-19 03:22:14 +0000"
    },
    "done": true
  },
  "comforts:hammock_light_blue": {
    "criteria": {
      "has_the_recipe": "2024-06-19 03:22:14 +0000"
    },
    "done": true
  },
  "simplysteel:recipe/steel_pickaxe": {
    "criteria": {
      "has_the_recipe": "2024-06-19 03:22:14 +0000"
    },
    "done": true
  },
  "simplysteel:recipe/flint_and_iron": {
    "criteria": {
      "has_the_recipe": "2024-06-19 03:22:14 +0000"
    },
    "done": true
  },
  "comforts:sleeping_bag_magenta": {
    "criteria": {
      "has_the_recipe": "2024-06-19 03:22:14 +0000"
    },
    "done": true
  },
  "comforts:hammock_green": {
    "criteria": {
      "has_the_recipe": "2024-06-19 03:22:14 +0000"
    },
    "done": true
  },
  "simplysteel:recipe/quartz_and_iron": {
    "criteria": {
      "has_the_recipe": "2024-06-19 03:22:14 +0000"
    },
    "done": true
  },
  "comforts:sleeping_bag_black": {
    "criteria": {
      "has_the_recipe": "2024-06-19 03:22:14 +0000"
    },
    "done": true
  },
  "simplysteel:recipe/crude_iron": {
    "criteria": {
      "has_the_recipe": "2024-06-19 03:22:14 +0000"
    },
    "done": true
  },
  "comforts:hammock_lime": {
    "criteria": {
      "has_the_recipe": "2024-06-19 03:22:14 +0000"
    },
    "done": true
  },
  "comforts:sleeping_bag_red": {
    "criteria": {
      "has_the_recipe": "2024-06-19 03:22:14 +0000"
    },
    "done": true
  },
  "biomesoplenty:biomesoplenty/all_biomes": {
    "criteria": {
      "shrubland": "2024-06-19 03:25:38 +0000",
      "lavender_forest": "2024-06-19 03:22:15 +0000",
      "pasture": "2024-06-19 03:25:45 +0000",
      "lavender_field": "2024-06-19 03:23:40 +0000"
    },
    "done": false
  },
  "simplysteel:recipe/steel_door": {
    "criteria": {
      "has_the_recipe": "2024-06-19 03:22:14 +0000"
    },
    "done": true
  },
  "comforts:sleeping_bag_orange": {
    "criteria": {
      "has_the_recipe": "2024-06-19 03:22:14 +0000"
    },
    "done": true
  },
  "simplysteel:recipe/steel_leggings": {
    "criteria": {
      "has_the_recipe": "2024-06-19 03:22:14 +0000"
    },
    "done": true
  },
  "comforts:hammock_blue": {
    "criteria": {
      "has_the_recipe": "2024-06-19 03:22:14 +0000"
    },
    "done": true
  },
  "comforts:hammock_white": {
    "criteria": {
      "has_the_recipe": "2024-06-19 03:22:14 +0000"
    },
    "done": true
  },
  "mowziesmobs:root": {
    "criteria": {
      "custom_test_name": "2024-06-19 03:22:14 +0000"
    },
    "done": true
  },
  "comforts:hammock_light_gray": {
    "criteria": {
      "has_the_recipe": "2024-06-19 03:22:14 +0000"
    },
    "done": true
  },
  "comforts:sleeping_bag_brown": {
    "criteria": {
      "has_the_recipe": "2024-06-19 03:22:14 +0000"
    },
    "done": true
  },
  "simplysteel:recipe/steel_ingot_from_blasting": {
    "criteria": {
      "has_the_recipe": "2024-06-19 03:22:14 +0000"
    },
    "done": true
  },
  "betterdungeons:root": {
    "criteria": {
      "always": "2024-06-19 03:22:14 +0000"
    },
    "done": true
  },
  "minecraft:adventure/adventuring_time": {
    "criteria": {
      "minecraft:beach": "2024-06-19 03:24:46 +0000",
      "minecraft:river": "2024-06-19 03:23:48 +0000",
      "minecraft:cold_ocean": "2024-06-19 03:26:18 +0000",
      "minecraft:deep_cold_ocean": "2024-06-19 03:26:38 +0000",
      "minecraft:ocean": "2024-06-19 03:23:22 +0000",
      "minecraft:flower_forest": "2024-06-19 03:23:59 +0000",
      "minecraft:plains": "2024-06-19 03:24:34 +0000"
    },
    "done": false
  },
  "simplysteel:recipe/steel_sword": {
    "criteria": {
      "has_the_recipe": "2024-06-19 03:22:14 +0000"
    },
    "done": true
  },
  "comforts:hammock_pink": {
    "criteria": {
      "has_the_recipe": "2024-06-19 03:22:14 +0000"
    },
    "done": true
  },
  "comforts:hammock_brown": {
    "criteria": {
      "has_the_recipe": "2024-06-19 03:22:14 +0000"
    },
    "done": true
  },
  "comforts:sleeping_bag_lime": {
    "criteria": {
      "has_the_recipe": "2024-06-19 03:22:14 +0000"
    },
    "done": true
  },
  "simplysteel:recipe/steel_chestplate": {
    "criteria": {
      "has_the_recipe": "2024-06-19 03:22:14 +0000"
    },
    "done": true
  },
  "comforts:hammock_yellow": {
    "criteria": {
      "has_the_recipe": "2024-06-19 03:22:14 +0000"
    },
    "done": true
  },
  "mna:root": {
    "criteria": {
      "get_vinteum": "2024-06-19 03:22:14 +0000"
    },
    "done": true
  },
  "comforts:sleeping_bag_blue": {
    "criteria": {
      "has_the_recipe": "2024-06-19 03:22:14 +0000"
    },
    "done": true
  },
  "simplysteel:recipe/steel_nugget": {
    "criteria": {
      "has_the_recipe": "2024-06-19 03:22:14 +0000"
    },
    "done": true
  },
  "born_in_chaos_v1:bornin_chaos": {
    "criteria": {
      "bornin_chaos_0": "2024-06-19 03:22:14 +0000"
    },
    "done": true
  },
  "simplysteel:recipe/quartz_and_steel": {
    "criteria": {
      "has_the_recipe": "2024-06-19 03:22:14 +0000"
    },
    "done": true
  },
  "simplysteel:recipe/steel_ingot_from_nuggets": {
    "criteria": {
      "has_the_recipe": "2024-06-19 03:22:14 +0000"
    },
    "done": true
  },
  "rats:root": {
    "criteria": {
      "tick": "2024-06-19 03:22:14 +0000"
    },
    "done": true
  },
  "tombstone:adventure/root": {
    "criteria": {
      "auto": "2024-06-19 03:22:15 +0000"
    },
    "done": true
  },
  "cataclysm:root": {
    "criteria": {
      "custom_test_name": "2024-06-19 03:22:14 +0000"
    },
    "done": true
  },
  "comforts:sleeping_bag_yellow": {
    "criteria": {
      "has_the_recipe": "2024-06-19 03:22:14 +0000"
    },
    "done": true
  },
  "simplysteel:recipe/steel_trapdoor": {
    "criteria": {
      "has_the_recipe": "2024-06-19 03:22:14 +0000"
    },
    "done": true
  },
  "comforts:hammock_orange": {
    "criteria": {
      "has_the_recipe": "2024-06-19 03:22:14 +0000"
    },
    "done": true
  },
  "simplysteel:recipe/steel_nugget_from_blasting": {
    "criteria": {
      "has_the_recipe": "2024-06-19 03:22:14 +0000"
    },
    "done": true
  },
  "simplysteel:recipe/steel_anvil": {
    "criteria": {
      "has_the_recipe": "2024-06-19 03:22:14 +0000"
    },
    "done": true
  },
  "DataVersion": 3465
}