{
	"level_seeds": [
		{
			"dim": "minecraft:overworld",
			"seed": -2058978109389767905
		},
		{
			"dim": "aether:the_aether",
			"seed": -2058978109389767905
		},
		{
			"dim": "minecraft:the_end",
			"seed": -2058978109389767905
		},
		{
			"dim": "minecraft:the_nether",
			"seed": -2058978109389767905
		},
		{
			"dim": "twilightforest:twilight_forest",
			"seed": -2058978109389767905
		}
	],
	"structure_seeds": [
		{
			"dim": "minecraft:overworld",
			"seed": -2058978109389767905
		},
		{
			"dim": "aether:the_aether",
			"seed": -2058978109389767905
		},
		{
			"dim": "minecraft:the_end",
			"seed": -2058978109389767905
		},
		{
			"dim": "minecraft:the_nether",
			"seed": -2058978109389767905
		},
		{
			"dim": "twilightforest:twilight_forest",
			"seed": -2058978109389767905
		}
	]
}